date,file,rows,turnover,volume,trades,scrips,brokers,bytes
2026-08-07,floorsheet_2026-08-07.parquet,46912,3774361541.21,10313979,46912,334,91,590240
2026-08-06,floorsheet_2026-08-06.parquet,60381,4622777442.29,10804426,60381,347,91,720244
2026-08-05,floorsheet_2026-08-05.parquet,61000,4401572688.81,10057110,61000,349,91,719005
2026-08-04,floorsheet_2026-08-04.parquet,52272,4070853610.94,10761396,52272,343,91,648530
2026-08-03,floorsheet_2026-08-03.parquet,63648,4572084231.4,11449987,63648,349,91,753063
2026-07-31,floorsheet_2026-07-31.parquet,46752,3759722340.76,8851216,46752,337,91,586473
2026-07-30,floorsheet_2026-07-30.parquet,44651,3381318248.02,7548591,44651,337,91,557417
2026-07-29,floorsheet_2026-07-29.parquet,48071,4029330921.28,9777442,48071,343,90,599568
2026-07-28,floorsheet_2026-07-28.parquet,55580,4427305542.17,10421863,55580,342,91,687959
2026-07-27,floorsheet_2026-07-27.parquet,69803,6080863354.65,13925337,69803,360,91,868772
2026-07-24,floorsheet_2026-07-24.parquet,70158,6267226722.57,13769100,70158,353,90,874418
2026-07-23,floorsheet_2026-07-23.parquet,57782,4693449370.68,10077222,57782,338,91,706048
2026-07-22,floorsheet_2026-07-22.parquet,56094,5187467073.77,11362465,56094,346,91,701316
2026-07-21,floorsheet_2026-07-21.parquet,75010,6671017971.84,14924302,75010,343,91,938008
2026-07-20,floorsheet_2026-07-20.parquet,67155,5512688979.28,12245337,67155,343,90,830145
2026-07-17,floorsheet_2026-07-17.parquet,58094,4575094723.51,10389077,58094,335,91,725941
2026-07-16,floorsheet_2026-07-16.parquet,39595,4562950700.46,9469099,39595,371,91,499484
2026-07-15,floorsheet_2026-07-15.parquet,38836,4170398049.64,8473016,38836,362,91,484665
2026-07-14,floorsheet_2026-07-14.parquet,53854,8417570425.82,18293596,53854,383,91,666614
2026-07-13,floorsheet_2026-07-13.parquet,51295,7468416116.81,41725323,51295,368,91,631312
2026-07-10,floorsheet_2026-07-10.parquet,53432,6860718658.0,10660537,53432,367,91,634304
2026-07-09,floorsheet_2026-07-09.parquet,57864,4611954782.83,8751380,57864,361,91,663918
2026-07-08,floorsheet_2026-07-08.parquet,77627,4826084825.28,8463015,77627,362,91,829732
2026-07-07,floorsheet_2026-07-07.parquet,72022,4400752542.1,9519452,72022,352,91,802339
2026-07-06,floorsheet_2026-07-06.parquet,46246,3557981498.91,7540418,46246,356,90,566316
2026-07-02,floorsheet_2026-07-02.parquet,43131,4117785700.28,8964223,43131,359,91,526282
2026-07-01,floorsheet_2026-07-01.parquet,56850,3861183410.26,9547678,56850,362,91,672216
2026-06-30,floorsheet_2026-06-30.parquet,79286,3258758014.1,8737392,79286,365,91,876209
2026-06-29,floorsheet_2026-06-29.parquet,44942,2671832965.38,7699227,44942,351,91,553205
2026-06-26,floorsheet_2026-06-26.parquet,39546,3945804552.36,7727649,39546,359,91,495780
2026-06-25,floorsheet_2026-06-25.parquet,46751,2838279411.62,6480599,46751,338,91,555347
2026-06-24,floorsheet_2026-06-24.parquet,72917,4418607486.62,10777582,72917,338,91,862523
2026-06-23,floorsheet_2026-06-23.parquet,72854,4362194771.59,10040164,72854,353,91,833204
2026-06-22,floorsheet_2026-06-22.parquet,90862,4446520247.39,8138433,90862,353,91,942353
2026-06-19,floorsheet_2026-06-19.parquet,61170,4534983568.16,10922525,61170,353,91,689257
2026-06-18,floorsheet_2026-06-18.parquet,41104,3414823798.68,7743030,41104,347,91,520299
2026-06-17,floorsheet_2026-06-17.parquet,44542,3637589010.09,8375471,44542,352,91,561028
2026-06-16,floorsheet_2026-06-16.parquet,48116,4047858084.12,10708596,48116,355,91,599100
2026-06-15,floorsheet_2026-06-15.parquet,51702,4412048609.9,10739998,51702,350,91,641855
2026-06-12,floorsheet_2026-06-12.parquet,54177,4341094764.19,9856525,54177,342,91,670987
2026-06-11,floorsheet_2026-06-11.parquet,58391,3906244894.06,9231216,58391,350,91,692201
2026-06-10,floorsheet_2026-06-10.parquet,49248,4297464327.6,9283326,49248,356,91,614912
2026-06-09,floorsheet_2026-06-09.parquet,63732,6443190291.71,12382017,63732,357,90,798923
2026-06-08,floorsheet_2026-06-08.parquet,56845,4084896190.31,9236677,56845,356,91,713171
2026-06-05,floorsheet_2026-06-05.parquet,55467,5625611823.7,12732868,55467,351,91,705316
2026-06-04,floorsheet_2026-06-04.parquet,51601,4703326944.97,10617483,51601,353,90,651362
2026-06-03,floorsheet_2026-06-03.parquet,62148,5738178165.24,13521619,62148,347,91,790331
2026-06-02,floorsheet_2026-06-02.parquet,61527,5265275299.01,11385100,61527,346,91,772605
2026-06-01,floorsheet_2026-06-01.parquet,63719,5614374928.74,13383816,63719,349,90,801630
2026-05-27,floorsheet_2026-05-27.parquet,60562,6030064840.96,15249712,60562,354,91,766436
2026-05-26,floorsheet_2026-05-26.parquet,52751,4854444170.67,11872507,52751,342,91,666745
2026-05-25,floorsheet_2026-05-25.parquet,75856,5986412600.49,14540022,75856,342,91,941513
2026-05-22,floorsheet_2026-05-22.parquet,54497,4498516094.11,10888739,54497,336,91,679821
2026-05-21,floorsheet_2026-05-21.parquet,44744,3898418385.27,8955545,44744,348,91,564668
2026-05-20,floorsheet_2026-05-20.parquet,52336,3820896966.85,10661476,52336,346,91,650022
2026-05-19,floorsheet_2026-05-19.parquet,45519,3087730962.64,7816478,45519,346,91,565349
2026-05-18,floorsheet_2026-05-18.parquet,43309,2450878449.3,5828604,43309,339,90,542022
2026-05-15,floorsheet_2026-05-15.parquet,43674,3097953486.78,7934444,43674,338,91,552124
2026-05-14,floorsheet_2026-05-14.parquet,46402,3290244619.94,7958752,46402,337,91,579294
2026-05-13,floorsheet_2026-05-13.parquet,42176,2807446361.53,5643288,42176,339,91,529106
2026-05-12,floorsheet_2026-05-12.parquet,62512,4665020677.74,10678550,62512,338,91,775990
2026-05-11,floorsheet_2026-05-11.parquet,68444,4613563635.83,10439432,68444,332,90,844379
2026-05-08,floorsheet_2026-05-08.parquet,53014,3286870559.39,7478562,53014,335,90,586970
2026-05-07,floorsheet_2026-05-07.parquet,45065,2931968877.57,6684007,45065,334,90,555709
2026-05-06,floorsheet_2026-05-06.parquet,47841,3197766779.16,7131557,47841,336,91,585048
2026-05-05,floorsheet_2026-05-05.parquet,62025,3439068392.77,7734012,62025,335,91,749391
2026-05-04,floorsheet_2026-05-04.parquet,68635,4265390204.72,10074524,68635,341,90,818820
2026-04-30,floorsheet_2026-04-30.parquet,80427,4916626848.56,10977783,80427,346,90,947425
2026-04-29,floorsheet_2026-04-29.parquet,104005,4986303313.38,12134360,104005,351,90,1139621
2026-04-28,floorsheet_2026-04-28.parquet,151354,6531723226.36,14018920,151354,349,91,1525706
2026-04-27,floorsheet_2026-04-27.parquet,81006,4748809127.76,10928617,81006,351,91,941328
2026-04-24,floorsheet_2026-04-24.parquet,75229,5270399727.64,12174516,75229,351,90,879251
2026-04-23,floorsheet_2026-04-23.parquet,93907,5095905757.17,11375699,93907,348,91,1046044
2026-04-22,floorsheet_2026-04-22.parquet,121433,7813947342.89,17588854,121433,342,90,1387340
2026-04-21,floorsheet_2026-04-21.parquet,95800,5774317879.28,13019055,95800,347,90,1084995
2026-04-20,floorsheet_2026-04-20.parquet,116310,5434240276.3,11653370,116310,349,90,1227548
2026-04-17,floorsheet_2026-04-17.parquet,96573,7460698098.48,18063728,96573,335,91,1132753
2026-04-16,floorsheet_2026-04-16.parquet,111607,9312860808.27,20743884,111607,342,91,1330567
2026-04-15,floorsheet_2026-04-15.parquet,123359,10537008796.56,26438521,123359,344,91,1470376
2026-04-13,floorsheet_2026-04-13.parquet,101180,8665568641.79,20163793,101180,342,91,1210095
2026-04-10,floorsheet_2026-04-10.parquet,97480,8993280967.98,21087628,97480,335,91,1191330
2026-04-09,floorsheet_2026-04-09.parquet,108869,9919210211.24,27931770,108869,338,91,1332901
2026-04-08,floorsheet_2026-04-08.parquet,98162,8318908441.52,18816808,98162,346,92,1183835
2026-04-07,floorsheet_2026-04-07.parquet,81582,6737148150.66,17406616,81582,345,92,1023046
2026-04-06,floorsheet_2026-04-06.parquet,124093,10928506863.02,25155854,124093,345,92,1532186
2026-04-05,floorsheet_2026-04-05.parquet,141036,12380914570.47,31206162,141036,345,92,1714219
2026-04-02,floorsheet_2026-04-02.parquet,103225,8819723335.29,21318929,103225,328,92,1296599
2026-04-01,floorsheet_2026-04-01.parquet,123730,12109525561.59,30292452,123730,347,92,1512488
2026-03-31,floorsheet_2026-03-31.parquet,137857,11112418806.96,27942779,137857,339,92,1639208
2026-03-30,floorsheet_2026-03-30.parquet,159328,12966659168.04,31606717,159328,341,92,1806493
2026-03-29,floorsheet_2026-03-29.parquet,196158,15033310867.98,35248397,196158,333,92,2087811
2026-03-26,floorsheet_2026-03-26.parquet,142734,13162299017.48,30438315,142734,343,92,1652452
2026-03-25,floorsheet_2026-03-25.parquet,138256,15090416846.15,35819829,138256,345,92,1680689
2026-03-24,floorsheet_2026-03-24.parquet,126947,14839183643.29,35822191,126947,341,92,1590844
2026-03-23,floorsheet_2026-03-23.parquet,156381,15786313440.12,38073945,156381,342,92,1855206
2026-03-22,floorsheet_2026-03-22.parquet,204955,23597712182.84,61407074,204955,364,92,2390818
2026-03-19,floorsheet_2026-03-19.parquet,191251,21223494886.98,56920608,191251,342,92,2236551
2026-03-17,floorsheet_2026-03-17.parquet,106140,12034406328.72,34852760,106140,340,92,1328135
2026-03-16,floorsheet_2026-03-16.parquet,102759,11974696088.01,30790211,102759,345,92,1296959
2026-03-15,floorsheet_2026-03-15.parquet,124490,14329604315.9,39549033,124490,350,92,1557504
2026-03-12,floorsheet_2026-03-12.parquet,130015,14551946230.27,41686405,130015,335,92,1610807
2026-03-11,floorsheet_2026-03-11.parquet,115550,13180255157.52,36049451,115550,329,92,1448400
2026-03-10,floorsheet_2026-03-10.parquet,205611,21502031320.34,52711353,205611,329,92,2369702
2026-03-09,floorsheet_2026-03-09.parquet,4051,555963894.66,1143767,4051,261,91,59703
2026-03-03,floorsheet_2026-03-03.parquet,61329,6234381480.75,15184607,61329,329,92,789617
2026-03-01,floorsheet_2026-03-01.parquet,55206,5648319041.36,13193462,55206,341,91,713312
2026-02-26,floorsheet_2026-02-26.parquet,44204,4174630515.28,10053145,44204,335,92,576688
2026-02-25,floorsheet_2026-02-25.parquet,48640,4451149080.41,10456980,48640,333,92,457000
2026-02-24,floorsheet_2026-02-24.parquet,49093,4232407613.56,9364938,49093,328,92,618803
2026-02-23,floorsheet_2026-02-23.parquet,56347,5138649946.77,12621188,56347,329,92,713507
2026-02-22,floorsheet_2026-02-22.parquet,72104,6699721204.48,15989430,72104,324,92,919209
2026-02-17,floorsheet_2026-02-17.parquet,83075,8364424555.43,20559055,83075,354,92,1057489
2026-02-16,floorsheet_2026-02-16.parquet,80559,7942760220.64,19616395,80559,335,92,1014531
